x_star,upper_mean,upper_std,lower_mean,lower_std,Spalart-Allmaras_upper,Spalart-Allmaras_lower,Spalart-Allmaras w/ CFC_upper,Spalart-Allmaras w/ CFC_lower,RSM $\epsilon$-linear_upper,RSM $\epsilon$-linear_lower
0.000000000000000000e+00,8.510011235217095349e-01,1.531608719416738262e-02,8.510011235217095349e-01,1.531608719416738262e-02,8.605183556965866343e-01,8.605183556965866343e-01,8.630930418236046897e-01,8.630930418236046897e-01,8.293919730449371697e-01,8.293919730449371697e-01
4.016064257028112081e-03,1.099468759208428681e+00,7.441064195957217131e-02,-1.074881995210777763e+00,7.021451439702119934e-02,1.178483985885372842e+00,-1.156250888300736079e+00,1.120151352051252047e+00,-1.083486943833526395e+00,9.997709396886615973e-01,-9.849081534980705932e-01
8.032128514056224161e-03,1.197579464605291077e+00,8.846147004316098905e-02,-1.175371286002570015e+00,9.763689791551731501e-02,1.300589589968211612e+00,-1.292693960470632009e+00,1.207554749009969841e+00,-1.179765387024042100e+00,1.084594054837691557e+00,-1.053654510513035714e+00
1.204819277108433624e-02,1.305884308268982830e+00,1.131462419625169358e-01,-1.296627022006435537e+00,1.239291745623135460e-01,1.438384167307881656e+00,-1.452127331930661125e+00,1.317325746489872884e+00,-1.288894012599157257e+00,1.161943011009194393e+00,-1.148859721489488006e+00
1.606425702811244832e-02,1.438686106976716950e+00,1.516761109848750733e-01,-1.441616741136254154e+00,1.628253657118970965e-01,1.623654238593755572e+00,-1.646782470408517440e+00,1.440268808306335524e+00,-1.429578988063115119e+00,1.252135274030059975e+00,-1.248488764937129680e+00
2.008032128514056214e-02,1.582913184640728277e+00,1.876852432590246922e-01,-1.613851027894455337e+00,2.271220994771262491e-01,1.819374226122038030e+00,-1.904260537813409204e+00,1.569101329386564325e+00,-1.587488224777840573e+00,1.360263998413582698e+00,-1.349804321092116011e+00
2.409638554216867248e-02,1.748786146135753894e+00,2.371008561217712307e-01,-1.800241155697442474e+00,2.878831284930701284e-01,2.049997125126422848e+00,-2.171279737624828066e+00,1.725770560481308724e+00,-1.759852225263248915e+00,1.470590752799530110e+00,-1.469591504204250665e+00
2.811244979919678283e-02,1.886536270508842206e+00,2.634947286375968756e-01,-1.984701475332520282e+00,3.371275502277250036e-01,2.223094745481827506e+00,-2.414236388055927662e+00,1.856786823040941448e+00,-1.949119109722228682e+00,1.579727243003758108e+00,-1.590748928219404057e+00
3.212851405622489664e-02,2.006748090320795264e+00,2.722186160292573431e-01,-2.178437022931699385e+00,3.759810760418555997e-01,2.335734938096494684e+00,-2.644249976451233053e+00,2.015402588344480161e+00,-2.167580931360618468e+00,1.669106744521410723e+00,-1.723480160983246190e+00
3.614457831325301046e-02,2.140177790350738629e+00,2.746706239549105422e-01,-2.355515207553301682e+00,3.830452908240135623e-01,2.463390478431946029e+00,-2.791037422845205285e+00,2.165162164710487502e+00,-2.416726934111872893e+00,1.791980727909781690e+00,-1.858781265702826868e+00
4.016064257028112428e-02,2.272692626091223023e+00,2.684033333956244438e-01,-2.549437092513501923e+00,3.864578189086491644e-01,2.575117103699711141e+00,-2.974079837297404882e+00,2.320138637994693553e+00,-2.635081109336875560e+00,1.922822136579265262e+00,-2.039150330906225328e+00
4.417670682730923115e-02,2.384224578328817845e+00,2.672347235386343112e-01,-2.736723469834693390e+00,3.806150583230712425e-01,2.676136152911513300e+00,-3.135996187722712492e+00,2.446144524747886795e+00,-2.849717414118231762e+00,2.030393057327053441e+00,-2.224456807663136804e+00
4.819277108433734497e-02,2.495665941040801528e+00,2.520219222799164882e-01,-2.899025274842076616e+00,3.628602900168888534e-01,2.780417484808710427e+00,-3.262351266946470929e+00,2.538924198111240926e+00,-3.031204679849279326e+00,2.167656140202452786e+00,-2.403519877730479593e+00
5.220883534136545878e-02,2.600500587694963617e+00,2.183404047778933210e-01,-3.031268905723788265e+00,3.208217815741334356e-01,2.852734229222867679e+00,-3.351414786897114695e+00,2.628631752652189846e+00,-3.149619894378879348e+00,2.320135781209832437e+00,-2.592772035895371197e+00
5.622489959839356566e-02,2.698071953953038005e+00,1.790949196396494081e-01,-3.150380402683275793e+00,2.635667830724445215e-01,2.905886403177939226e+00,-3.395147464489887135e+00,2.719553530200599312e+00,-3.271447046969175432e+00,2.468775928480574589e+00,-2.784546696590765702e+00
6.024096385542167947e-02,2.767093258287326663e+00,1.336481546202800963e-01,-3.248344878221472332e+00,2.118846510649408654e-01,2.921277670705983098e+00,-3.411495832676741280e+00,2.784674802798272619e+00,-3.384436538110626724e+00,2.595327301357723826e+00,-2.949102263877049879e+00
6.425702811244979329e-02,2.851215112382857964e+00,1.201216381096456148e-01,-3.337281930716970546e+00,1.654065342938296768e-01,2.999810937839842762e+00,-3.426280827686927211e+00,2.848214271163544087e+00,-3.480128097697745115e+00,2.705620128145186598e+00,-3.105436866766237980e+00
6.827309236947790017e-02,2.920743996344132398e+00,1.263426775426482462e-01,-3.416976900300232156e+00,1.213130539810041014e-01,3.085894922142377261e+00,-3.487606074481143459e+00,2.897224329383728314e+00,-3.517065139676541552e+00,2.779112737506292952e+00,-3.246259486743011458e+00
7.228915662650602092e-02,2.974815462343994188e+00,1.453277179951779630e-01,-3.492220065098848636e+00,8.964775472638010501e-02,3.171668770383377911e+00,-3.583481650960023579e+00,2.927543473429183862e+00,-3.522803261046940193e+00,2.825234143219420790e+00,-3.370375283289582580e+00
7.630522088353412780e-02,3.031021521535969487e+00,1.667703232389845802e-01,-3.546038660866402292e+00,7.337948663456202170e-02,3.254500561114068269e+00,-3.637993726682106299e+00,2.984561019982422181e+00,-3.541714735140280901e+00,2.854002983511418012e+00,-3.458407520776819233e+00
8.032128514056224855e-02,3.100617246659572945e+00,1.875120838413179003e-01,-3.583483297142751045e+00,7.550489419959152682e-02,3.344700864589265077e+00,-3.680640770149551599e+00,3.068344936821849611e+00,-3.573268640862091949e+00,2.888805938567605480e+00,-3.496540480416610031e+00
8.433734939759035543e-02,3.175969861313706843e+00,2.085098746837718564e-01,-3.630917758340113100e+00,9.036786046766735747e-02,3.421273743738759698e+00,-3.742218075956379675e+00,3.195036146562566071e+00,-3.629661576975667270e+00,2.911599693639796094e+00,-3.520873622088292798e+00
8.835341365461846230e-02,3.244148978370958947e+00,2.394240238121901065e-01,-3.693296451465752028e+00,1.099938116232540009e-01,3.487505673984760080e+00,-3.811422235801563030e+00,3.326355239577537759e+00,-3.721884470299416048e+00,2.918586021550579890e+00,-3.546582648296277895e+00
9.236947791164658306e-02,3.317772207518056238e+00,2.890885866097068213e-01,-3.757528604051469490e+00,1.257045063170034449e-01,3.578848764872266663e+00,-3.873802760532135014e+00,3.459699687720947825e+00,-3.815850423125316304e+00,2.914768169960955113e+00,-3.582932628496957150e+00
9.638554216867468993e-02,3.402709904292470000e+00,3.366974276607425098e-01,-3.823254769838834388e+00,1.540798812510064952e-01,3.683740096416602050e+00,-3.947995997466533513e+00,3.595082567131278051e+00,-3.915611769290805011e+00,2.929307049329529899e+00,-3.606156542759164196e+00
1.004016064257027968e-01,3.484886523112512347e+00,3.695637365753318138e-01,-3.883332967657705748e+00,1.874065397761600082e-01,3.758059597396815832e+00,-4.020181475357658130e+00,3.734173523158165420e+00,-4.011469597967146861e+00,2.962426448782554900e+00,-3.618347829648310920e+00
1.044176706827309176e-01,3.583343304222953218e+00,3.881486487204517388e-01,-3.943289494006827933e+00,2.158832217153129063e-01,3.838456868635351071e+00,-4.057638969343742019e+00,3.876710341959116235e+00,-4.131270821417135863e+00,3.034862702074392349e+00,-3.640958691259605473e+00
1.084337349397590244e-01,3.685589018500349923e+00,4.075665059401591961e-01,-4.021427200083485864e+00,2.458657076260492014e-01,3.929865425240097299e+00,-4.110815392621795183e+00,4.015570780382114791e+00,-4.267735221599989082e+00,3.111330849878837679e+00,-3.685730986028674661e+00
1.124497991967871313e-01,3.779949236540548707e+00,4.385218344589054129e-01,-4.100798742867132418e+00,2.680328778748260476e-01,4.008356346754466060e+00,-4.169044022123425286e+00,4.165069967793267658e+00,-4.389583786373368213e+00,3.166421395073912848e+00,-3.743768420104602423e+00
1.164658634538152521e-01,3.875244711512686013e+00,4.613114392205807657e-01,-4.176697793028390393e+00,2.861015939576782019e-01,4.066476727585408568e+00,-4.221164412557365075e+00,4.319800067910998465e+00,-4.502743427371115992e+00,3.239457339041651451e+00,-3.806185539156689668e+00
1.204819277108433589e-01,3.975890222557204368e+00,4.782087616532419982e-01,-4.257270053972724178e+00,3.106063214945880557e-01,4.128377618635107105e+00,-4.280993653024076195e+00,4.470248071230954245e+00,-4.625266548505026165e+00,3.329044977805552641e+00,-3.865549960389070616e+00
1.244979919678714797e-01,4.076082964920595408e+00,5.004440255492124123e-01,-4.324840752429309987e+00,3.454957383961919093e-01,4.193980778064744896e+00,-4.318607410848398942e+00,4.621486119074485366e+00,-4.751067121719394493e+00,3.412781997622553742e+00,-3.904847724720137414e+00
1.285140562248995866e-01,4.175926878760825467e+00,5.269514943044510957e-01,-4.391773303083027713e+00,3.769299054788365910e-01,4.253438477466979784e+00,-4.358376751020879958e+00,4.779051738155192020e+00,-4.869207656710806020e+00,3.495290420660303710e+00,-3.947735501517395384e+00
1.325301204819276935e-01,4.271083945198406617e+00,5.579570199281490561e-01,-4.468509046425224618e+00,3.964913335975218667e-01,4.301416814554945844e+00,-4.403128143615468559e+00,4.938767414897445640e+00,-4.983487865497982838e+00,3.573067606142826591e+00,-4.018911130162223344e+00
1.365461847389558003e-01,4.368022559565246432e+00,5.956667942393627513e-01,-4.554434795172312533e+00,4.102384048205721667e-01,4.352834886612618526e+00,-4.471891854342932682e+00,5.105037670465203625e+00,-5.093032436599568058e+00,3.646195121617916701e+00,-4.098380094574436860e+00
1.405622489959839350e-01,4.463499748461524419e+00,6.400666681466351537e-01,-4.638775090759460262e+00,4.219634534795717595e-01,4.406591081756314310e+00,-4.545415632540518835e+00,5.274321682273707346e+00,-5.195888696859291223e+00,3.709586481354550269e+00,-4.175020942878572505e+00
1.445783132530120418e-01,4.556340514651105345e+00,6.867820704937926957e-01,-4.711347353696527129e+00,4.404760534663981209e-01,4.451408949651332492e+00,-4.602819997914992634e+00,5.445015866294777851e+00,-5.296831409868570262e+00,3.772596728007207467e+00,-4.234390653306020269e+00
1.485943775100401487e-01,4.652786708673164462e+00,7.207330835081500187e-01,-4.780490400511292037e+00,4.587181456601608920e-01,4.507223811166027438e+00,-4.650906246012739054e+00,5.599234483117922601e+00,-5.395772682863271719e+00,3.851901831735543347e+00,-4.294792272657865340e+00
1.526104417670682556e-01,4.748969177282653220e+00,7.559221001651224014e-01,-4.853837627360007012e+00,4.738347044540822672e-01,4.581946471038569335e+00,-4.705830609932938557e+00,5.746922925515645986e+00,-5.493835334640884582e+00,3.918038135293746116e+00,-4.361846937506198785e+00
1.566265060240963625e-01,4.834171902519952546e+00,7.890721648966869672e-01,-4.922122273696664330e+00,4.839736562168602818e-01,4.651255241310495947e+00,-4.757610634362108293e+00,5.878970908545122498e+00,-5.579745532710718159e+00,3.972289557704237861e+00,-4.429010654017165649e+00
1.606425702811244971e-01,4.916655558029304984e+00,8.223770895155153582e-01,-4.997125058359578986e+00,4.898719335448252221e-01,4.717091359536594197e+00,-4.824554874677509098e+00,6.008701087041156796e+00,-5.664466443248345584e+00,4.024174227510163959e+00,-4.502353857152883165e+00
1.646586345381526040e-01,4.996983128166949228e+00,8.500584375462229003e-01,-5.059903860625490246e+00,4.960252861094739951e-01,4.778392373698528317e+00,-4.883155158697092268e+00,6.130027782524706481e+00,-5.736182582184897960e+00,4.082529228277613775e+00,-4.560373840994481398e+00
1.686746987951807109e-01,5.076749109413279726e+00,8.707439319709139314e-01,-5.112678421241272808e+00,5.028050315122347680e-01,4.836135562505710972e+00,-4.936657488280327577e+00,6.242938922876639651e+00,-5.797331010724049882e+00,4.151172842857489442e+00,-4.604046764719439189e+00
1.726907630522088177e-01,5.148635693681685055e+00,8.883014250660411504e-01,-5.156025797311738046e+00,5.087535046457212218e-01,4.887413825076987628e+00,-4.968561240925815525e+00,6.343408967189636982e+00,-5.851329328814086850e+00,4.215084288778429666e+00,-4.648186822195310874e+00
1.767068273092369246e-01,5.221080211316603048e+00,9.021875292463005236e-01,-5.200359650937293132e+00,5.153913570728757554e-01,4.938585860718907483e+00,-5.003556630223466861e+00,6.439852891325944739e+00,-5.906538920591604125e+00,4.284801881904955145e+00,-4.690983401996808411e+00
1.807228915662650315e-01,5.290324030727265203e+00,9.102573508789402190e-01,-5.241633942296309634e+00,5.199963770367170834e-01,4.980882967784184601e+00,-5.042777953902813692e+00,6.527189348568546379e+00,-5.954198601606963237e+00,4.362899775829065518e+00,-4.727925271379151972e+00
1.847389558232931661e-01,5.356471693276120050e+00,9.167203857461962979e-01,-5.284516460059809795e+00,5.293550381404100724e-01,5.025330054466282448e+00,-5.091677631888742006e+00,6.607548528209619576e+00,-6.007382220107357895e+00,4.436536497152459901e+00,-4.754489528183329483e+00
1.887550200803212730e-01,5.418359662317523195e+00,9.272122649238988545e-01,-5.322105251308159701e+00,5.351263832461493619e-01,5.071640944161564413e+00,-5.135202015311703505e+00,6.686900957969593939e+00,-6.050648007923277838e+00,4.496537084821412122e+00,-4.780465730689499537e+00
1.927710843373493799e-01,5.475103992491376914e+00,9.395267882501072698e-01,-5.359188722644813829e+00,5.444705873214148451e-01,5.118184839697894617e+00,-5.178328071964198642e+00,6.761950873730712352e+00,-6.097800657924595136e+00,4.545176264045523773e+00,-4.801437438045647710e+00
1.967871485943774867e-01,5.531374711414893675e+00,9.457064439907166831e-01,-5.399328730544584509e+00,5.549675541750229701e-01,5.162260898458736591e+00,-5.224534659590124974e+00,6.829195855224826417e+00,-6.149348399086732364e+00,4.602667380561118016e+00,-4.824103132956894413e+00
2.008032128514055936e-01,5.586488163469151225e+00,9.520409050713531940e-01,-5.444595332522019326e+00,5.678089183424823716e-01,5.206384424132260769e+00,-5.267589271970810394e+00,6.895116667928529175e+00,-6.211413991778702126e+00,4.657963398346664619e+00,-4.854782733816545459e+00
2.048192771084337283e-01,5.639556331856719673e+00,9.629590773370243495e-01,-5.491518069730645379e+00,5.868756666326466753e-01,5.247579739758054806e+00,-5.306239388908406518e+00,6.965013990205754624e+00,-6.284791715577095594e+00,4.706075265606348701e+00,-4.883523104706434026e+00
2.088353413654618351e-01,5.694908217328896960e+00,9.781539448099126899e-01,-5.545532857386116454e+00,6.064736502766938653e-01,5.286102327966332837e+00,-5.363973514362962547e+00,7.043791838228721680e+00,-6.362255079269729663e+00,4.754830485791636363e+00,-4.910369978525656265e+00
2.128514056224899420e-01,5.751128581210629420e+00,9.989255276071615786e-01,-5.595984359461475321e+00,6.288762385255328713e-01,5.329364490412393351e+00,-5.414707405497411585e+00,7.129642676248126421e+00,-6.440666591502964167e+00,4.794378576971368489e+00,-4.932579081384048436e+00
2.168674698795180489e-01,5.808469772799200292e+00,1.013086203107483207e+00,-5.644275326093942446e+00,6.506277343569225602e-01,5.374561477008445110e+00,-5.460278443484658517e+00,7.207924734868960570e+00,-6.517032074087780735e+00,4.842923106520196086e+00,-4.955515460709386311e+00
2.208835341365461558e-01,5.869813319230207327e+00,1.025483579012568258e+00,-5.687714066092211418e+00,6.666412812046375036e-01,5.427217758167167894e+00,-5.501933209146509185e+00,7.287149031113450803e+00,-6.581060615538367742e+00,4.895073168410004172e+00,-4.980148373591756439e+00
2.248995983935742626e-01,5.927422916851921464e+00,1.041821500069830764e+00,-5.733996444216642452e+00,6.885823684134467770e-01,5.466689652253307052e+00,-5.544838890218596106e+00,7.369763848045745469e+00,-6.655849711308835737e+00,4.945815250256710982e+00,-5.001300731122495513e+00
2.289156626506023973e-01,5.984911481762215324e+00,1.059176601217264535e+00,-5.778405910594682560e+00,7.124259572761243442e-01,5.506847083817154598e+00,-5.581330435170553272e+00,7.453322968185248421e+00,-6.732628788788320051e+00,4.994564393284244730e+00,-5.021258507825175244e+00
2.329317269076305041e-01,6.044210405938387431e+00,1.078828451521954834e+00,-5.823782050871426641e+00,7.332339639719857027e-01,5.546667280941043998e+00,-5.622303779201019758e+00,7.542039361352132154e+00,-6.805431482035635860e+00,5.043924575521988807e+00,-5.043610891377624306e+00
2.369477911646586110e-01,6.100649284254391347e+00,1.103141516035519798e+00,-5.870046281241664055e+00,7.498589140323996816e-01,5.582000904473448877e+00,-5.673646657772512647e+00,7.634192725378602162e+00,-6.870744279875613536e+00,5.085754222911124778e+00,-5.065747906076866869e+00
2.409638554216867179e-01,6.157216865207044698e+00,1.122721568195816921e+00,-5.921787065299098707e+00,7.531662615723513365e-01,5.616891646934939253e+00,-5.727069279975206761e+00,7.720357460780807202e+00,-6.926037828260489526e+00,5.134401487905389416e+00,-5.112254087661598057e+00
2.449799196787148248e-01,6.217169499785854647e+00,1.129534451547145046e+00,-5.966905615649541694e+00,7.546377611874650615e-01,5.662198667391048268e+00,-5.758898057336250709e+00,7.791874113821898540e+00,-6.977422973126143901e+00,5.197435718144617134e+00,-5.164395816486231361e+00
2.489959839357429594e-01,6.272383873195661153e+00,1.130487162683566860e+00,-6.015928065338965069e+00,7.494243100840860539e-01,5.705578617697877775e+00,-5.792793489685432284e+00,7.850410264531325844e+00,-7.024776477272580699e+00,5.261162737357778951e+00,-5.230214229058882225e+00
2.530120481927710663e-01,6.321572722035287306e+00,1.137328536751726960e+00,-6.073913362816047545e+00,7.399629665082073648e-01,5.749665346533141985e+00,-5.835990428366954141e+00,7.909434918918019974e+00,-7.075406583380263292e+00,5.305617900654699071e+00,-5.310343076700926979e+00
2.570281124497991732e-01,6.374435256685587525e+00,1.138778946969712713e+00,-6.136791549779069044e+00,7.342822865781651887e-01,5.790066397170334334e+00,-5.879288108436903748e+00,7.966277723048921899e+00,-7.136763505434621457e+00,5.366961649837506343e+00,-5.394323035465681926e+00
2.610441767068272800e-01,6.434576227696335415e+00,1.129923574013443899e+00,-6.194802236137920026e+00,7.249675006399340926e-01,5.839058923256891909e+00,-5.911244689986932421e+00,8.016511767946617795e+00,-7.189847177528900346e+00,5.448157991885494766e+00,-5.483314840897927311e+00
2.650602409638553869e-01,6.493541031718014445e+00,1.121757566204532486e+00,-6.258659056461874037e+00,7.062814649875115425e-01,5.878015221260358913e+00,-5.958343529626416668e+00,8.067540896801121519e+00,-7.233806637958295482e+00,5.535066977092562013e+00,-5.583827001800909962e+00
2.690763052208834938e-01,6.545400750811928070e+00,1.113662589761454935e+00,-6.327170610614044399e+00,6.888724746386469810e-01,5.913325794041880634e+00,-6.010668729496069673e+00,8.110729021014210005e+00,-7.283348771481216843e+00,5.612147437379692683e+00,-5.687494330864845793e+00
2.730923694779116007e-01,6.592939204609369774e+00,1.102034004470945350e+00,-6.389009363391182639e+00,6.759378083685856353e-01,5.954754751743034369e+00,-6.048330365937023778e+00,8.143396069809289983e+00,-7.332841749411618260e+00,5.680666792275786747e+00,-5.785855974824906767e+00
2.771084337349397075e-01,6.637778892764394811e+00,1.090137265468218652e+00,-6.444981449119485006e+00,6.725084816844216773e-01,5.998004802112522071e+00,-6.085982779018129563e+00,8.172415180132372114e+00,-7.387200557779922683e+00,5.742916696048288472e+00,-5.861761010560403662e+00
2.811244979919678699e-01,6.679019363718150970e+00,1.078613264402106031e+00,-6.504352352859478437e+00,6.702365455402448102e-01,6.033648546925196143e+00,-6.128317373288530767e+00,8.198672709379552614e+00,-7.445877514185785806e+00,5.804736834849704152e+00,-5.938862171104118737e+00
2.851405622489959768e-01,6.722170875421120684e+00,1.059437425081510842e+00,-6.558918572888121190e+00,6.706096035427295821e-01,6.075620141319792111e+00,-6.163771048906150796e+00,8.215954934310417457e+00,-7.503131261177350630e+00,5.874937550633151595e+00,-6.009853408580863920e+00
2.891566265060240837e-01,6.763176735637718373e+00,1.039920677986798658e+00,-6.610060390414858489e+00,6.745937875353331670e-01,6.103885589952856350e+00,-6.193258241777277462e+00,8.231309863824055384e+00,-7.561645253537079725e+00,5.954334753136246050e+00,-6.075277675930220056e+00
2.931726907630521906e-01,6.799977264416181555e+00,1.025066006130006535e+00,-6.662016246117214102e+00,6.761790967353092929e-01,6.135518274377165682e+00,-6.222832054121512968e+00,8.248007442040890425e+00,-7.617247649397159037e+00,6.016406076830489447e+00,-6.145969034832968525e+00
2.971887550200802974e-01,6.828226958577548800e+00,1.017097277749520412e+00,-6.720271039010114578e+00,6.788039944700630102e-01,6.155980976962131201e+00,-6.260521169650032469e+00,8.265619359547761391e+00,-7.679964332996298104e+00,6.063080539222752030e+00,-6.220327614384011383e+00
3.012048192771084043e-01,6.858038293377130223e+00,1.008058944085106656e+00,-6.775126572381926060e+00,6.928079388761153590e-01,6.181692882465407379e+00,-6.286387116635873795e+00,8.283037533280397824e+00,-7.754904056912743648e+00,6.109384464385584579e+00,-6.284088543597158960e+00
3.052208835341365112e-01,6.892403374033719388e+00,9.990465763813495270e-01,-6.826636182318844170e+00,7.030580945023763295e-01,6.211009531637313508e+00,-6.304718696842801506e+00,8.304976181856460471e+00,-7.820491664122978470e+00,6.161224408607384184e+00,-6.354698185990752535e+00
3.092369477911646181e-01,6.936866226200465668e+00,9.880485211348341013e-01,-6.875538801752553830e+00,7.116363278769013423e-01,6.242143816622836461e+00,-6.320602030226575074e+00,8.334170477253261211e+00,-7.880106410068712819e+00,6.234284384725298445e+00,-6.425907964962373597e+00
3.132530120481927249e-01,6.981261315441891213e+00,9.821752890371856504e-01,-6.930020618537718669e+00,7.179178786833548820e-01,6.267315299837957099e+00,-6.349214583204654261e+00,8.370083761241170706e+00,-7.941608344022108135e+00,6.306384885246546723e+00,-6.499238928386394498e+00
3.172690763052208318e-01,7.020495703865438308e+00,9.810201475182093178e-01,-6.986985609053685486e+00,7.291197877167625574e-01,6.296053123604163915e+00,-6.372804893093394263e+00,8.407406217948032889e+00,-8.011369514590954921e+00,6.358027770044119009e+00,-6.576782419476708164e+00
3.212851405622489942e-01,7.054741851438035560e+00,9.860112843773527480e-01,-7.051874338389538366e+00,7.411600002108476026e-01,6.311761040182064519e+00,-6.411434848785098950e+00,8.448148112192205517e+00,-8.090672655085757725e+00,6.404316401939838421e+00,-6.653515511297760199e+00
3.253012048192771011e-01,7.096291934162780812e+00,9.868424170010011709e-01,-7.111899838171678034e+00,7.558732778494311466e-01,6.345956588191598691e+00,-6.453843511354121709e+00,8.490544777989502023e+00,-8.170474450616982409e+00,6.452374436307239947e+00,-6.711381552543931761e+00
3.293172690763052080e-01,7.128168560830416389e+00,9.913444569145820617e-01,-7.167335675558272889e+00,7.677379063469904619e-01,6.359627532518015158e+00,-6.491608198176912481e+00,8.527896737439014885e+00,-8.241186181451297443e+00,6.496981412534217348e+00,-6.769212647046608744e+00
3.333333333333333148e-01,7.156444921701553774e+00,9.947731822202734442e-01,-7.224268243880520579e+00,7.750758125611753035e-01,6.371253365692481019e+00,-6.531095909172064395e+00,8.559964134678301306e+00,-8.306210011350890099e+00,6.538117264733882550e+00,-6.835498811118608131e+00
3.373493975903614217e-01,7.183783604591753580e+00,9.997269516023958857e-01,-7.280510338533819237e+00,7.849355936655874055e-01,6.380751073832421127e+00,-6.561445041713538373e+00,8.593037451163580087e+00,-8.372432673849976581e+00,6.577562288779260413e+00,-6.907653300037943644e+00
3.413654618473895286e-01,7.209773776958441793e+00,9.982915729570844832e-01,-7.326629505618694971e+00,8.029181879467720551e-01,6.395543240229332405e+00,-6.575618488248601068e+00,8.615713640409172314e+00,-8.439700783333965006e+00,6.618064450236817997e+00,-6.964569245273518838e+00
3.453815261044176355e-01,7.238294983021426710e+00,9.974148275029121047e-01,-7.378250704234099011e+00,8.195158816774430477e-01,6.413513455451955281e+00,-6.604687216627599611e+00,8.641673174082171727e+00,-8.512433992365354030e+00,6.659698319530154897e+00,-7.017630903709343393e+00
3.493975903614457423e-01,7.263894726726126017e+00,9.983348639932279056e-01,-7.424841680972572355e+00,8.327801101143647022e-01,6.430502726733079655e+00,-6.630032583299463766e+00,8.667556826321444419e+00,-8.574903483408123250e+00,6.693624627123855753e+00,-7.069588976210130049e+00
3.534136546184738492e-01,7.292413347934296297e+00,9.988939064882901286e-01,-7.469809128957410671e+00,8.436934889549722039e-01,6.451653848689860915e+00,-6.659791532692937999e+00,8.695913717293400680e+00,-8.633521871500089873e+00,6.729672477819627296e+00,-7.116113982679202365e+00
3.574297188755019561e-01,7.316372069102196285e+00,1.001590194574857096e+00,-7.510829225243367269e+00,8.629101128046592351e-01,6.473019960389985172e+00,-6.671816898611075963e+00,8.723615113749042749e+00,-8.697775634435455316e+00,6.752481133167560046e+00,-7.162895142683571414e+00
3.614457831325300630e-01,7.334003912083495891e+00,1.004640403860635578e+00,-7.560217768722375276e+00,8.817355446622345827e-01,6.485315940467558882e+00,-6.685530757388832512e+00,8.745135644435629629e+00,-8.767222453242872859e+00,6.771560151347300049e+00,-7.227900095535421343e+00
3.654618473895582254e-01,7.364073485154871257e+00,9.978369986093206245e-01,-7.615323595763816122e+00,9.077614354696528221e-01,6.512360275278648913e+00,-6.699864211295158967e+00,8.764330659562357795e+00,-8.852474112796974381e+00,6.815529520623607951e+00,-7.293632463199315907e+00
3.694779116465863322e-01,7.398182364373208308e+00,9.893636188498198258e-01,-7.671025452525635835e+00,9.364665409166818000e-01,6.540365513508715978e+00,-6.713607426019155611e+00,8.784364649907729472e+00,-8.942178416651749728e+00,6.869816929703176811e+00,-7.357290514905999501e+00
3.734939759036144391e-01,7.432266245051287967e+00,9.814766473045599682e-01,-7.728629188162824626e+00,9.582064666577698731e-01,6.576844617070423560e+00,-6.738451659352496570e+00,8.806621127629922441e+00,-9.024905068787699491e+00,6.913332990453517013e+00,-7.422530836348281369e+00
3.775100401606425460e-01,7.474007833296940184e+00,9.740094111780661645e-01,-7.792375782856146849e+00,9.772544827356615116e-01,6.620204033047405012e+00,-6.769600741041102765e+00,8.837021800753793954e+00,-9.108740257732286238e+00,6.964797666089618922e+00,-7.498786349795049766e+00
3.815261044176706529e-01,7.509151900583183270e+00,9.673031788023666033e-01,-7.863236328863023594e+00,1.001534519281728430e+00,6.648484257769752936e+00,-6.787296608133129183e+00,8.860328578313508174e+00,-9.198935703528452024e+00,7.018642865666286923e+00,-7.603476674927489576e+00
3.855421686746987597e-01,7.544153470546786089e+00,9.576212766738353421e-01,-7.931893314893762259e+00,1.030897853360696503e+00,6.660830878941113475e+00,-6.793043362670260876e+00,8.874838761344649996e+00,-9.289601974609286827e+00,7.096790771354596572e+00,-7.713034607401738185e+00
3.895582329317268666e-01,7.577295803926456408e+00,9.516626509753659535e-01,-7.990671543411989042e+00,1.057526250675612012e+00,6.663385776383806913e+00,-6.799955961102217117e+00,8.889861154276259114e+00,-9.369732057437959227e+00,7.178640481119301420e+00,-7.802326611695789005e+00
3.935742971887549735e-01,7.616511495129088871e+00,9.455936694037186951e-01,-8.043261626902598493e+00,1.079195713042315319e+00,6.670794450851455615e+00,-6.810970935009788896e+00,8.908171296911914894e+00,-9.439208113255403987e+00,7.270568737623897881e+00,-7.879605832442604374e+00
3.975903614457830804e-01,7.657092219639430652e+00,9.402322584510214298e-01,-8.091047364256466423e+00,1.099918852991990104e+00,6.685678648506557131e+00,-6.817611199271978784e+00,8.929133415690376552e+00,-9.501394863868446450e+00,7.356464594721357386e+00,-7.954136029628971372e+00
4.016064257028111872e-01,7.695360201439068959e+00,9.384219587144646546e-01,-8.137190486813949519e+00,1.110999422110589885e+00,6.706829626167640335e+00,-6.837819316884303333e+00,8.956475627766426584e+00,-9.551863323935201322e+00,7.422775350383140847e+00,-8.021888819622342126e+00
4.056224899598392941e-01,7.733863857978533929e+00,9.407477724556836396e-01,-8.179508206271298931e+00,1.121799751051333560e+00,6.718016911408173364e+00,-6.858720823564842028e+00,8.985797272681335102e+00,-9.601014595883347269e+00,7.497777389846091545e+00,-8.078789199365704832e+00
4.096385542168674565e-01,7.778576008290076338e+00,9.401019283660627668e-01,-8.214543825922708820e+00,1.138083475531676436e+00,6.723087940801852902e+00,-6.862390771618136043e+00,9.006424432906625199e+00,-9.646671002316500321e+00,7.606215651161750912e+00,-8.134569703833491872e+00
4.136546184738955634e-01,7.817163168320802491e+00,9.426049888831025125e-01,-8.255518273425559883e+00,1.151587029328973388e+00,6.720449536874705920e+00,-6.877115084165992265e+00,9.021775007301735982e+00,-9.695873990095144279e+00,7.709264960785965570e+00,-8.193565746015543994e+00
4.176706827309236703e-01,7.856476126672692573e+00,9.434651261413518064e-01,-8.292562492704005805e+00,1.168747381875469893e+00,6.729970047695434054e+00,-6.887570323551467588e+00,9.038944562358668833e+00,-9.749017075757599571e+00,7.800513769963973942e+00,-8.241100078802949369e+00
4.216867469879517771e-01,7.897390102006298207e+00,9.445982617172237195e-01,-8.331018680921078001e+00,1.187377321658559692e+00,6.749637599186629089e+00,-6.898386620910733846e+00,9.063209727618589895e+00,-9.805933017974499677e+00,7.879322979213677414e+00,-8.288736403878001369e+00
4.257028112449798840e-01,7.940431192449256770e+00,9.454803978786264773e-01,-8.377762231393049319e+00,1.202124755736331041e+00,6.770574997903572978e+00,-6.919212680362139878e+00,9.086141901097850138e+00,-9.863430289481696533e+00,7.964576678346346306e+00,-8.350643724335311546e+00
4.297188755020079909e-01,7.982826776611595676e+00,9.488140134612499388e-01,-8.428053880632839778e+00,1.219100430998288465e+00,6.788011150176137320e+00,-6.935953203723693505e+00,9.109085951111396184e+00,-9.922125254062880373e+00,8.051383228547253523e+00,-8.426083184111945457e+00
4.337349397590360978e-01,8.019751896220617127e+00,9.483308594358902388e-01,-8.480074049271506098e+00,1.239775540027399092e+00,6.805899562905200817e+00,-6.945828023593153766e+00,9.120559640907067944e+00,-9.982133749174934678e+00,8.132796484849581731e+00,-8.512260375046425409e+00
4.377510040160642046e-01,8.043861772079536010e+00,9.557001280406205446e-01,-8.534536404499805329e+00,1.265183611738081026e+00,6.800257283456190294e+00,-6.952141403066538494e+00,9.124063415400618382e+00,-1.004895856028233325e+01,8.207264617381799354e+00,-8.602509250150545128e+00
4.417670682730923115e-01,8.071339024475120638e+00,9.528181152319701308e-01,-8.591750480719516858e+00,1.293098024004088575e+00,6.818605020821245866e+00,-6.961347283887099557e+00,9.127574236499446769e+00,-1.012423362172823715e+01,8.267837816104668391e+00,-8.689670536543214752e+00
4.457831325301204184e-01,8.091098836052450949e+00,9.461808077649939142e-01,-8.655562363378665580e+00,1.324181789466326364e+00,6.841236180980124537e+00,-6.979300068695126313e+00,9.129877586035451742e+00,-1.021673891517168364e+01,8.302182741141773903e+00,-8.770648106269188560e+00
4.497991967871485253e-01,8.107894377007603737e+00,9.458452340433687322e-01,-8.709247445833364409e+00,1.350908582152091419e+00,6.854706228958630909e+00,-6.993371626795371832e+00,9.139549445619351786e+00,-1.029468698849745856e+01,8.329427456444829403e+00,-8.839683722207261951e+00
4.538152610441766877e-01,8.123498299480523599e+00,9.487882138992197456e-01,-8.753089055089807502e+00,1.365312615965371457e+00,6.859523352993512901e+00,-7.012134344476199210e+00,9.145452583159194404e+00,-1.034670217266087988e+01,8.365518962288861715e+00,-8.900430648132342526e+00
4.578313253012047945e-01,8.143923429235622180e+00,9.445734473812738008e-01,-8.797138439289382106e+00,1.383211405421353124e+00,6.875943792705828450e+00,-7.026260448758534949e+00,9.141917680517405387e+00,-1.040223293903013690e+01,8.413908814483633591e+00,-8.962921930079476240e+00
4.618473895582329014e-01,8.165961655060675284e+00,9.435677513616956835e-01,-8.835389835792366142e+00,1.410713201749513868e+00,6.886739068782865125e+00,-7.021391385087688342e+00,9.134468574777651284e+00,-1.046157250228911728e+01,8.476677321621512107e+00,-9.023205620000293692e+00
4.658634538152610083e-01,8.192443339174211303e+00,9.409748502300460116e-01,-8.874946805672545125e+00,1.430993750769819384e+00,6.902787385948551346e+00,-7.030945852511126581e+00,9.121421179204917351e+00,-1.051899993661320387e+01,8.553121452369163435e+00,-9.074894627893307586e+00
4.698795180722891152e-01,8.226009701085780890e+00,9.436134130398510234e-01,-8.915803846219377604e+00,1.448651153324425289e+00,6.922576288531043787e+00,-7.047828616036406757e+00,9.125527565915744432e+00,-1.057841114990666220e+01,8.629925248810556226e+00,-9.121171772715062076e+00
4.738955823293172220e-01,8.264741088324425888e+00,9.495365999111590183e-01,-8.956847032653856289e+00,1.461431050603039461e+00,6.945080390563048489e+00,-7.068706324613476255e+00,9.139748954488480237e+00,-1.062883535834436799e+01,8.709393919921748051e+00,-9.172999415003722845e+00
4.779116465863453289e-01,8.300778117116392352e+00,9.611196157123225170e-01,-8.996913355692411685e+00,1.469891230228076884e+00,6.958041078866071594e+00,-7.089204291187221507e+00,9.154956122164936261e+00,-1.066585874717596027e+01,8.789337150318168312e+00,-9.235677028714052383e+00
4.819277108433734358e-01,8.334973965116242667e+00,9.771569842019270924e-01,-9.030990213099027386e+00,1.475060117926026981e+00,6.964331818309354105e+00,-7.101721832789987587e+00,9.172803191447195914e+00,-1.068275333205709998e+01,8.867786885592177981e+00,-9.308495474449994589e+00
4.859437751004015427e-01,8.366486136669104567e+00,9.957148968306973602e-01,-9.066309503561445382e+00,1.490917765868273070e+00,6.964332181912009645e+00,-7.101303825290137262e+00,9.180015099468668893e+00,-1.071086837517743362e+01,8.955111128626635164e+00,-9.386756310216764376e+00
4.899598393574296495e-01,8.395156482869470693e+00,1.011709925323380554e+00,-9.106985108255505779e+00,1.511071757173832797e+00,6.967111626233863042e+00,-7.105058472768098987e+00,9.185673192504255624e+00,-1.075542359354401611e+01,9.032684629870292525e+00,-9.460473258454401346e+00
4.939759036144578119e-01,8.423052726668844414e+00,1.024615768364886659e+00,-9.148678486420914524e+00,1.523995315230481706e+00,6.975039850004352004e+00,-7.119127885330774674e+00,9.193965890886772740e+00,-1.079157467459643982e+01,9.100152439115412051e+00,-9.535332899335530854e+00
4.979919678714859188e-01,8.447084090512232635e+00,1.025823269143282479e+00,-9.194248097654584839e+00,1.534552366018293812e+00,6.996711065828959519e+00,-7.137790031999800888e+00,9.200264106154381949e+00,-1.082290332430687485e+01,9.144277099553358212e+00,-9.622050936657078779e+00
5.020080321285139702e-01,8.463909057576149308e+00,1.025716477300924856e+00,-9.240492646553983391e+00,1.548165894577794743e+00,7.013472655571564296e+00,-7.152079605914948068e+00,9.206935136467800262e+00,-1.085401865930934662e+01,9.171319380689084255e+00,-9.715379674437656377e+00
5.060240963855421326e-01,8.472313120812319909e+00,1.031674557599294273e+00,-9.280041933461179227e+00,1.559533036438177422e+00,7.013305805827307893e+00,-7.167346299397382658e+00,9.203169668440249751e+00,-1.088466231589185007e+01,9.200463888169402082e+00,-9.788117185094305839e+00
5.100401606425701839e-01,8.472164788505139654e+00,1.038300350585318554e+00,-9.314776447455114905e+00,1.575967247405666072e+00,7.004002107702839375e+00,-7.172827416677233003e+00,9.184447411904063330e+00,-1.091918316050872484e+01,9.228044845908518923e+00,-9.852318765179385096e+00
5.140562248995983463e-01,8.471852154714264671e+00,1.044006133466097275e+00,-9.347460868570417247e+00,1.596857396644264515e+00,6.996628432680007670e+00,-7.171502761036025575e+00,9.157411758020609582e+00,-1.095873243472218483e+01,9.261516273442177649e+00,-9.912147409953043109e+00
5.180722891566265087e-01,8.474906901603013409e+00,1.043316030373630632e+00,-9.383113549046976587e+00,1.618964063321648661e+00,7.002561201832514293e+00,-7.172673449851782124e+00,9.127946640591483529e+00,-1.100508584430284742e+01,9.294212862385041518e+00,-9.971581352986300217e+00
5.220883534136545601e-01,8.479082183697473241e+00,1.038506396955179323e+00,-9.414146004960388225e+00,1.640350940790923362e+00,7.014836365387899342e+00,-7.170174571156092469e+00,9.112557019138478154e+00,-1.104561279769677995e+01,9.309853166566039562e+00,-1.002665064602829581e+01
5.261044176706827225e-01,8.492743793666507557e+00,1.045136065995632357e+00,-9.448907296296344072e+00,1.660630304542298985e+00,7.020928356340442100e+00,-7.174571315953135020e+00,9.111248005125744953e+00,-1.109311216770401209e+01,9.346055019533336505e+00,-1.007903840523188421e+01
5.301204819277107738e-01,8.515319336859770161e+00,1.058336254967844559e+00,-9.479158397603894670e+00,1.677036277843493295e+00,7.028571675244744021e+00,-7.179778488631609612e+00,9.109363043845146279e+00,-1.113215247631880978e+01,9.408023291489417517e+00,-1.012554422786126374e+01
5.341365461847389362e-01,8.528668064155612072e+00,1.069271980369360664e+00,-9.498643575755211899e+00,1.694519079881372070e+00,7.030402968377549300e+00,-7.172580304027564857e+00,9.100557476537549206e+00,-1.116083912263701983e+01,9.455043747551737710e+00,-1.016251130060105545e+01
5.381526104417669876e-01,8.552141875448286967e+00,1.077805798128855574e+00,-9.506781776357351887e+00,1.710300054621959998e+00,7.046143751155909740e+00,-7.157656758021251342e+00,9.101486217685634372e+00,-1.118024122020267619e+01,9.508795657503318566e+00,-1.018244735084812902e+01
5.421686746987951500e-01,8.577354177139062230e+00,1.095592902730549545e+00,-9.508360563127562060e+00,1.727145640284353467e+00,7.049500551643156143e+00,-7.132321997197088592e+00,9.118271602047428814e+00,-1.118666409429802755e+01,9.564290377726603509e+00,-1.020609559788757181e+01
5.461847389558232013e-01,8.613526996333666474e+00,1.108689110928558152e+00,-9.511405758562043289e+00,1.737143732847068911e+00,7.071020142994965063e+00,-7.117606896687805218e+00,9.141281403313636034e+00,-1.118663329814632945e+01,9.628279442692397438e+00,-1.022997708085199342e+01
5.502008032128513637e-01,8.649838034222812055e+00,1.124944213390197456e+00,-9.518973934863447894e+00,1.745734931874627360e+00,7.089258781170125090e+00,-7.107285588646750973e+00,9.162371202253247304e+00,-1.118220762369433352e+01,9.697884119245065548e+00,-1.026742859224925652e+01
5.542168674698794151e-01,8.683130387476843737e+00,1.145884483713638824e+00,-9.530397185078298250e+00,1.748871546571311608e+00,7.097592654442028248e+00,-7.106990056254856469e+00,9.185848486255871137e+00,-1.117006213277814552e+01,9.765950021732630049e+00,-1.031413936620189631e+01
5.582329317269075775e-01,8.713314814375493711e+00,1.161350043269967935e+00,-9.544705479227559408e+00,1.739671074847938259e+00,7.110074845274707123e+00,-7.127830895055081051e+00,9.206200146492735215e+00,-1.115154094686145925e+01,9.823669451359036131e+00,-1.035474459576613704e+01
5.622489959839357399e-01,8.724867730048337933e+00,1.165966700503615394e+00,-9.548092366125331409e+00,1.728325872951597342e+00,7.118879985948019851e+00,-7.141083296459405538e+00,9.204102363813925436e+00,-1.111955883999591954e+01,9.851620840383072064e+00,-1.038363496192067181e+01
5.662650602409637912e-01,8.720720629915069466e+00,1.170072526016262104e+00,-9.555747630909467105e+00,1.724508087156372493e+00,7.109929163922501516e+00,-7.148955025647381056e+00,9.198064973611979056e+00,-1.110032457549342411e+01,9.854167752210727826e+00,-1.041796329158759526e+01
5.702811244979919536e-01,8.728252157365774977e+00,1.186383196872258905e+00,-9.569845008194336700e+00,1.728348828489424616e+00,7.096660275785960259e+00,-7.151642687567088430e+00,9.205391068546985522e+00,-1.108717929748000053e+01,9.882705127764383590e+00,-1.047071303953591936e+01
5.742971887550200050e-01,8.735535350750375017e+00,1.207177537123756306e+00,-9.587595656623969731e+00,1.736531887472797075e+00,7.077574271611498880e+00,-7.150303410561968498e+00,9.211967731553155403e+00,-1.106704702266072005e+01,9.917064049086468103e+00,-1.054543653664921976e+01
5.783132530120481674e-01,8.749635318683957053e+00,1.212790648475546851e+00,-9.607443043274171757e+00,1.745881777693455650e+00,7.088916933264985509e+00,-7.150375656427641502e+00,9.208776827556645728e+00,-1.104638031293716693e+01,9.951212195230242585e+00,-1.062557316045770328e+01
5.823293172690762187e-01,8.762189400551408269e+00,1.217524160788089116e+00,-9.620533620160152566e+00,1.755728243415241474e+00,7.098804752862124090e+00,-7.144848790847256659e+00,9.208639906147034537e+00,-1.102303011621586037e+01,9.979123542645066181e+00,-1.069372195341734333e+01
5.863453815261043811e-01,8.775949664868521793e+00,1.228907773054589869e+00,-9.621263116362939627e+00,1.766271421135300779e+00,7.099341197219688482e+00,-7.127955944959505352e+00,9.217946560043802862e+00,-1.099882358290032869e+01,1.001056123734207404e+01,-1.073700982122898573e+01
5.903614457831324325e-01,8.795925851777701254e+00,1.249576744032282249e+00,-9.613905676847643633e+00,1.780856557068366541e+00,7.097019243486029971e+00,-7.098552160980570847e+00,9.224130641306993894e+00,-1.098077324456598980e+01,1.006662767054008256e+01,-1.076239162499636848e+01
5.943775100401605949e-01,8.814004185293129012e+00,1.275204760339332832e+00,-9.611556797625262050e+00,1.799079760840329056e+00,7.088421182071241944e+00,-7.069052709935797374e+00,9.222930899294436102e+00,-1.096519028270354390e+01,1.013066047451371077e+01,-1.080042740023644399e+01
5.983935742971886462e-01,8.831055779448755416e+00,1.296177200721764455e+00,-9.619162315232772542e+00,1.820726584531326298e+00,7.081819709698930154e+00,-7.044612034828537261e+00,9.231076213485858162e+00,-1.094298993389416630e+01,1.018027141516147616e+01,-1.086988497697561584e+01
6.024096385542168086e-01,8.846531396164911243e+00,1.322682861691207856e+00,-9.616122733355203067e+00,1.840240672637567743e+00,7.066261605339789753e+00,-7.013632058326296104e+00,9.239459561108072094e+00,-1.091415643031632143e+01,1.023387302204687366e+01,-1.092057971142298811e+01
6.064257028112449710e-01,8.861765264246834306e+00,1.354783373512000066e+00,-9.609415950651053251e+00,1.855909845212822873e+00,7.044166295683164769e+00,-6.985053612754549945e+00,9.245771955300670086e+00,-1.088777745210193260e+01,1.029535754175666895e+01,-1.095541678709667188e+01
6.104417670682730224e-01,8.862841264159040833e+00,1.375896563379092941e+00,-9.605880718788499806e+00,1.865216685657868911e+00,7.017670133054077830e+00,-6.968664210139161597e+00,9.250501926215505932e+00,-1.087583980492567193e+01,1.032035173320753785e+01,-1.097313814130066589e+01
6.144578313253011848e-01,8.857392941055962865e+00,1.398154988870456972e+00,-9.609026363183042818e+00,1.868267166688076131e+00,6.979760467470011776e+00,-6.967908533567851670e+00,9.259433358761818056e+00,-1.086629415101700324e+01,1.033298499693605876e+01,-1.099287640496427443e+01
6.184738955823292361e-01,8.851615959633180708e+00,1.417463361027363256e+00,-9.615800090467464756e+00,1.878976193865036892e+00,6.944673563748623657e+00,-6.960337184448331271e+00,9.269847403945341568e+00,-1.085859114240292200e+01,1.034032691120557956e+01,-1.102847194455113744e+01
6.224899598393573985e-01,8.846784929473029635e+00,1.425791833541051989e+00,-9.627258737683128231e+00,1.893557135605566266e+00,6.925248581234738410e+00,-6.952504484211305957e+00,9.278311121425391050e+00,-1.085236297653007931e+01,1.033679508575895589e+01,-1.107690875230800209e+01
6.265060240963854499e-01,8.847714232065809981e+00,1.434245781114080520e+00,-9.647742715062856078e+00,1.905818496394712458e+00,6.914707922778017490e+00,-6.957385980895220534e+00,9.282045988421996796e+00,-1.085255835921267753e+01,1.034638878499741743e+01,-1.113328380508066928e+01
6.305220883534136123e-01,8.853550552857198497e+00,1.445080634603489678e+00,-9.661411315206612116e+00,1.916684045932064651e+00,6.907754229801654766e+00,-6.957365189057780341e+00,9.285343768328591096e+00,-1.085028564662679429e+01,1.036755366044135229e+01,-1.117658310993526172e+01
6.345381526104416636e-01,8.853645057138772145e+00,1.462177810046800586e+00,-9.668217388875229190e+00,1.928148878252500920e+00,6.886037500664583533e+00,-6.949343045771901650e+00,9.286689087328557690e+00,-1.084757437031593952e+01,1.038820858342317877e+01,-1.120773475053785084e+01
6.385542168674698260e-01,8.853057627161723175e+00,1.472397493748409447e+00,-9.677915973341166378e+00,1.941211511681430801e+00,6.871513811120461668e+00,-6.942803644995113821e+00,9.289713438839385162e+00,-1.084096391488283651e+01,1.039794563152532447e+01,-1.124998036014554792e+01
6.425702811244979884e-01,8.850464196023986929e+00,1.464824474740713312e+00,-9.693685914997685060e+00,1.950523286310728910e+00,6.877309964635163197e+00,-6.947786086529029959e+00,9.290632218580853419e+00,-1.083895791051247670e+01,1.038345040485594417e+01,-1.129431374795155207e+01
6.465863453815260398e-01,8.860903869659333409e+00,1.465602713428786563e+00,-9.705334963535017678e+00,1.963498475399886978e+00,6.890389270376133801e+00,-6.944657404387311495e+00,9.289572334591181146e+00,-1.082686115616568578e+01,1.040275000401068617e+01,-1.134448633005205309e+01
6.506024096385542022e-01,8.876671098251520675e+00,1.475490740112725963e+00,-9.711427619772374342e+00,1.980248517474601400e+00,6.900679094459666096e+00,-6.930184036381021428e+00,9.283976918595710615e+00,-1.081816671769498406e+01,1.044535728169918443e+01,-1.138593210524111932e+01
6.546184738955822535e-01,8.888880917011963589e+00,1.493241515664244012e+00,-9.707187818435928151e+00,1.999690347924901079e+00,6.898807515868027984e+00,-6.900609511801866880e+00,9.272066957945954258e+00,-1.080967655964497354e+01,1.049576827722190941e+01,-1.141127738386094315e+01
6.586345381526104159e-01,8.890002782738983811e+00,1.513361944378133428e+00,-9.692015482863824971e+00,2.010614417716421798e+00,6.876712759206016656e+00,-6.871273441739568000e+00,9.267844150356584265e+00,-1.079187682858579755e+01,1.052545143865435051e+01,-1.141289617826610936e+01
6.626506024096384673e-01,8.880180070678244775e+00,1.527269981540960941e+00,-9.665537346408175523e+00,2.010265660577672531e+00,6.844658894260340354e+00,-6.846038384246129205e+00,9.272384466335404696e+00,-1.075973771733035989e+01,1.052349685143898839e+01,-1.139083593764803837e+01
6.666666666666666297e-01,8.870404338636108221e+00,1.538529942633700465e+00,-9.648103805532761257e+00,2.022880258488881200e+00,6.819581637402119867e+00,-6.810497254330507566e+00,9.266366515253983138e+00,-1.075217130988028380e+01,1.052526486325222699e+01,-1.138164285238749329e+01
6.706827309236946810e-01,8.873618534301074945e+00,1.546182176186882584e+00,-9.640942286042893272e+00,2.023106208460821787e+00,6.816457115892744056e+00,-6.801314145685178225e+00,9.260261429619676576e+00,-1.075773471601180908e+01,1.054413705739080243e+01,-1.136377799643169162e+01
6.746987951807228434e-01,8.888079648590917259e+00,1.552647124612974050e+00,-9.629582129512913369e+00,2.030661805782546292e+00,6.825280862780193303e+00,-6.777490242431835732e+00,9.267777025773789035e+00,-1.076483612864856809e+01,1.057118105721876944e+01,-1.134642001745833539e+01
6.787148594377508948e-01,8.905885905481170539e+00,1.567600799574300430e+00,-9.611766287145599108e+00,2.037278306208652356e+00,6.828914883955722104e+00,-6.749859403531438318e+00,9.273028037601767082e+00,-1.075484634087380797e+01,1.061571479488602421e+01,-1.133059311703154926e+01
6.827309236947790572e-01,8.911682711724106198e+00,1.586451448433263467e+00,-9.587037558377684121e+00,2.040721371753916102e+00,6.813251637891775125e+00,-6.719036422713682732e+00,9.273379108081138966e+00,-1.074221436453884948e+01,1.064841738919940362e+01,-1.129986188788052104e+01
6.867469879518072196e-01,8.903992184987014724e+00,1.608159807504135452e+00,-9.558066083114388434e+00,2.050491397736863064e+00,6.773083978470387123e+00,-6.675714170184749996e+00,9.281195163104458246e+00,-1.072390943015479259e+01,1.065769741338619880e+01,-1.127457464900362005e+01
6.907630522088352709e-01,8.899600135736656981e+00,1.620779950823008964e+00,-9.539506887003629032e+00,2.057169434135288189e+00,6.745588073450452526e+00,-6.647387376204808795e+00,9.297956404388900253e+00,-1.071234022978275569e+01,1.065525592937061994e+01,-1.125879305502332173e+01
6.947791164658634333e-01,8.904564484293048920e+00,1.627826694962523080e+00,-9.532175158322987230e+00,2.067833528489038120e+00,6.740535790418210382e+00,-6.626536632047903552e+00,9.306531419417375162e+00,-1.069889685368931254e+01,1.066662624304356122e+01,-1.127109198923174738e+01
6.987951807228914847e-01,8.912646976082072570e+00,1.643626527544992832e+00,-9.530486429012844596e+00,2.081298539007387927e+00,6.729658137013976749e+00,-6.608999457352613405e+00,9.312634317234047998e+00,-1.068076120703799958e+01,1.069564847399819385e+01,-1.130169862264791902e+01
7.028112449799196471e-01,8.921721511933801807e+00,1.666402426620404720e+00,-9.520500190137823893e+00,2.084587523796142428e+00,6.711769013065937983e+00,-6.598691886934384243e+00,9.317876178929438424e+00,-1.064150009632861504e+01,1.073551934380602546e+01,-1.132130858715047417e+01
7.068273092369476984e-01,8.934370571330960686e+00,1.693871078595841295e+00,-9.490903473941934010e+00,2.095539712823879075e+00,6.694688274718897603e+00,-6.557249915591501832e+00,9.318231927769689449e+00,-1.059415408267089020e+01,1.079019151150429856e+01,-1.132130642356340822e+01
7.108433734939758608e-01,8.940180366890137620e+00,1.722470728815863161e+00,-9.463609930786049063e+00,2.095491788266666600e+00,6.672301513892287872e+00,-6.533868583884276937e+00,9.304118333302751509e+00,-1.054235823732433630e+01,1.084412125347536993e+01,-1.131460297114953484e+01
7.148594377510039122e-01,8.939127361443075515e+00,1.755239485375697850e+00,-9.445548753255733843e+00,2.089120352634918465e+00,6.635196666980037072e+00,-6.528491091067480490e+00,9.290951475599946718e+00,-1.049822450959031706e+01,1.089123394174924009e+01,-1.130993065910940132e+01
7.188755020080320746e-01,8.946752222652213149e+00,1.783746543995091249e+00,-9.441512241063319877e+00,2.088382649020235515e+00,6.613675149433325906e+00,-6.530406904534736157e+00,9.282513335617423422e+00,-1.046565741887425993e+01,1.094406818290588568e+01,-1.132847239978096709e+01
7.228915662650601259e-01,8.960764570326935186e+00,1.804764060968620409e+00,-9.428735640776265470e+00,2.087187152946586188e+00,6.614520151372044410e+00,-6.523044628041886561e+00,9.263764478895945231e+00,-1.043186443517478779e+01,1.100400908071281592e+01,-1.133129785911212117e+01
7.269076305220882883e-01,8.962377061030389669e+00,1.826291339306853390e+00,-9.398685997353709354e+00,2.081588041465749050e+00,6.601496338052690760e+00,-6.506831551041628359e+00,9.235793860011046519e+00,-1.036775206926276560e+01,1.104984098502743173e+01,-1.132147437175673765e+01
7.309236947791164507e-01,8.956705182904331153e+00,1.843911742103723217e+00,-9.374908816649883292e+00,2.068839647778353719e+00,6.582894889622547652e+00,-6.505734622077452123e+00,9.208846034316707119e+00,-1.031348602166656825e+01,1.107837462477374224e+01,-1.130550580620562684e+01
7.349397590361445021e-01,8.949345188226152104e+00,1.848969050845888473e+00,-9.349089827947146603e+00,2.062708820665047682e+00,6.573381948467138969e+00,-6.492126549684523518e+00,9.191742946692871286e+00,-1.026720675604501132e+01,1.108291066951844250e+01,-1.128793617811190408e+01
7.389558232931726645e-01,8.929829159669473881e+00,1.848784617096644878e+00,-9.319523506524861389e+00,2.059950851061546739e+00,6.544543725107506482e+00,-6.468504042111163699e+00,9.195208760370446655e+00,-1.022651393018625754e+01,1.104973499353046940e+01,-1.126355254727716648e+01
7.429718875502007158e-01,8.908989261458101439e+00,1.839048455690107442e+00,-9.301238852586132921e+00,2.065876761262439132e+00,6.527729616845826754e+00,-6.444231559722330971e+00,9.193886942195867107e+00,-1.020068467091361164e+01,1.100535122533260690e+01,-1.125880032712245438e+01
7.469879518072288782e-01,8.886362083432947756e+00,1.830760387089750418e+00,-9.291617874572711600e+00,2.068183892454903194e+00,6.501588501045722168e+00,-6.433602764582844635e+00,9.205727332528931939e+00,-1.018221188700293389e+01,1.095177041672418738e+01,-1.125903897213235538e+01
7.510040160642569296e-01,8.853833872949804729e+00,1.820643817013615440e+00,-9.270399669900927009e+00,2.076950773258209981e+00,6.467794710558411708e+00,-6.401206876285767677e+00,9.208862583493683474e+00,-1.016058233928519527e+01,1.088484432479732078e+01,-1.124940979413181807e+01
7.550200803212850920e-01,8.811242777910633706e+00,1.798634999369879361e+00,-9.239099074645082510e+00,2.090528842692549016e+00,6.433951991696885919e+00,-6.352890484879009314e+00,9.216307811529825145e+00,-1.012739146855214756e+01,1.078346853050518916e+01,-1.123701527050409155e+01
7.590361445783131433e-01,8.755004729269709074e+00,1.779988205304905202e+00,-9.211927874917783754e+00,2.103023660841666587e+00,6.388113172869924306e+00,-6.314637275945679029e+00,9.196220565524781065e+00,-1.007890044346252267e+01,1.068068044941442629e+01,-1.124224590534514867e+01
7.630522088353413057e-01,8.709695185659722227e+00,1.777146485208854543e+00,-9.199987871360276515e+00,2.117004838714015236e+00,6.344067704908218808e+00,-6.289605334948466187e+00,9.157505924973404987e+00,-1.004705139844619666e+01,1.062751192709754378e+01,-1.126330688068616759e+01
7.670682730923693571e-01,8.672534805831890736e+00,1.798344828744782520e+00,-9.183937844443770260e+00,2.129242880309234476e+00,6.282617412892978592e+00,-6.265144914683148158e+00,9.114308713683236363e+00,-1.000224247510225517e+01,1.062067829091945725e+01,-1.128442614354590567e+01
7.710843373493975195e-01,8.631789934137565012e+00,1.808284093504251677e+00,-9.157354031557758844e+00,2.147125771791849935e+00,6.231613185223077167e+00,-6.222278483922409009e+00,9.067548062753095550e+00,-9.950931667760523069e+00,1.059620855443652054e+01,-1.129885194299034445e+01
7.751004016064256819e-01,8.594582967284864594e+00,1.805491570077229824e+00,-9.131552535015069694e+00,2.167740807912180934e+00,6.205812097701336683e+00,-6.178647746038584465e+00,9.007924220290620454e+00,-9.894621935690427250e+00,1.057001258386263842e+01,-1.132138792331619825e+01
7.791164658634537332e-01,8.550550145064661933e+00,1.807339044269508754e+00,-9.092894780998763693e+00,2.179247327557370273e+00,6.162624709443385917e+00,-6.137177909471916770e+00,8.955164576726376779e+00,-9.814789127980468209e+00,1.053386114902422044e+01,-1.132671730554390521e+01
7.831325301204818956e-01,8.500921075948225436e+00,1.802999852242034073e+00,-9.051081574609879610e+00,2.194481386772000775e+00,6.126243186906460636e+00,-6.090501898226555966e+00,8.883964432237203113e+00,-9.725239401172762754e+00,1.049255560870101256e+01,-1.133750342443031833e+01
7.871485943775099470e-01,8.461465466198696106e+00,1.804153099590925180e+00,-9.010079984003185771e+00,2.199858725820786010e+00,6.098088618234638325e+00,-6.057089473649787337e+00,8.810513502002299546e+00,-9.638664333083696079e+00,1.047579427835915133e+01,-1.133448614527607390e+01
7.911646586345381094e-01,8.429891568165089666e+00,1.820379135087456746e+00,-8.974869312926641030e+00,2.201295333376263041e+00,6.065944103067209880e+00,-6.036871807696465808e+00,8.728981061481267290e+00,-9.552419967466402539e+00,1.049474953994679360e+01,-1.133531616361705652e+01
7.951807228915661607e-01,8.400563460774160163e+00,1.825203520761295994e+00,-8.933025425274117026e+00,2.206655799406754159e+00,6.042345334803838952e+00,-6.003474758363580577e+00,8.670740573029283027e+00,-9.466514340334802213e+00,1.048860447448936029e+01,-1.132908717712397006e+01
7.991967871485943231e-01,8.354316707003283327e+00,1.798403201509078064e+00,-8.875656481475333592e+00,2.217479530937580101e+00,6.025932557959764679e+00,-5.945253480213878561e+00,8.632308153191189604e+00,-9.373709134803268839e+00,1.040470940985889747e+01,-1.130800682940885338e+01
8.032128514056223745e-01,8.282513271922361753e+00,1.749124491932278369e+00,-8.812421063406800315e+00,2.241498139866023642e+00,6.005133533067416707e+00,-5.857868293323914344e+00,8.584955046460663652e+00,-9.294994320308529012e+00,1.025745123623900312e+01,-1.128440057658795403e+01
8.072289156626505369e-01,8.199701434630712882e+00,1.705445189858536104e+00,-8.756319484886187610e+00,2.255175822537665908e+00,5.973072912739493923e+00,-5.793348553672696966e+00,8.510264792404726109e+00,-9.215880573924122743e+00,1.011576659874792306e+01,-1.125972932706174312e+01
8.112449799196785882e-01,8.118620773314669137e+00,1.664220210361294860e+00,-8.710801575768293503e+00,2.249874972579518406e+00,5.941512656556287020e+00,-5.767125870289451228e+00,8.432840570007693159e+00,-9.136701526866435330e+00,9.981509093380029896e+00,-1.122857733014899395e+01
8.152610441767067506e-01,8.040166732833252894e+00,1.637915010990191877e+00,-8.657237806406714142e+00,2.243971359762033213e+00,5.895167172111301035e+00,-5.734669792109520436e+00,8.355447233053084233e+00,-9.047513715311598759e+00,9.869885793335374302e+00,-1.118952991179902590e+01
8.192771084337349130e-01,7.985513722704216555e+00,1.627342453088157059e+00,-8.586785084086530517e+00,2.235181857321398624e+00,5.852612700199854245e+00,-5.683999147577311284e+00,8.303355450555912398e+00,-8.954465794381805566e+00,9.800573017356883909e+00,-1.112189031030047737e+01
8.232931726907629644e-01,7.925804994171131490e+00,1.604844488097350030e+00,-8.504413575711177842e+00,2.244403325478838696e+00,5.809183095620406689e+00,-5.598061680580196153e+00,8.274734134829786925e+00,-8.852664898072710287e+00,9.693497752063201744e+00,-1.106251414848063064e+01
8.273092369477911268e-01,7.845510694236328852e+00,1.570721945596536440e+00,-8.417941986055859971e+00,2.251349794750073130e+00,5.754904831411121080e+00,-5.517772580546779437e+00,8.240600975580893106e+00,-8.730209958403602144e+00,9.541026275716973259e+00,-1.100584341921720188e+01
8.313253012048191781e-01,7.779926890722720145e+00,1.540678281855453191e+00,-8.351933956599305375e+00,2.248929075063638816e+00,5.719424995083419283e+00,-5.474936969429554878e+00,8.196758482944797919e+00,-8.616256471524240013e+00,9.423597194139944122e+00,-1.096460842884411946e+01
8.353413654618473405e-01,7.722051919936824937e+00,1.543291304063539648e+00,-8.292564665254507972e+00,2.241859199490571886e+00,5.654737472241179397e+00,-5.441182173789380627e+00,8.149672589970569092e+00,-8.517792491704604174e+00,9.361745697598728100e+00,-1.091871933026953911e+01
8.393574297188753919e-01,7.682323573430157815e+00,1.536733608438013210e+00,-8.216751561840149876e+00,2.228175120386213237e+00,5.621199319238558090e+00,-5.401598156897063241e+00,8.116102338206168554e+00,-8.398224667285660416e+00,9.309669062845749465e+00,-1.085043186133772863e+01
8.433734939759035543e-01,7.642568801474102891e+00,1.535115736654497853e+00,-8.142007659140306330e+00,2.219847467402719321e+00,5.573877359578879087e+00,-5.359977491976456676e+00,8.106601208480581633e+00,-8.273334178217451651e+00,9.247227836362847953e+00,-1.079271130722701066e+01
8.473895582329316056e-01,7.584851756360213137e+00,1.541513599309708882e+00,-8.050470907965424416e+00,2.221729248355379660e+00,5.498798301214725015e+00,-5.288612109609383438e+00,8.079533700068065372e+00,-8.134009362611251959e+00,9.176223267797851690e+00,-1.072879125167563785e+01
8.514056224899597680e-01,7.517106742496930671e+00,1.541811472370715252e+00,-7.967575509154392499e+00,2.228120121548026411e+00,5.425074038357489137e+00,-5.216728690830794157e+00,8.030841873679424481e+00,-8.012055549626152740e+00,9.095404315453874844e+00,-1.067394228700623060e+01
8.554216867469878194e-01,7.432928050857955604e+00,1.528688622770552508e+00,-7.891750478895179555e+00,2.238481701291125781e+00,5.351970138016167944e+00,-5.156997830160691798e+00,7.965919094301548320e+00,-7.878168276295521189e+00,8.980894920256149661e+00,-1.064008533022932568e+01
8.594377510040159818e-01,7.342909758604354131e+00,1.513409651780198484e+00,-7.824854524597722794e+00,2.230103920416880658e+00,5.278217185822367874e+00,-5.133987185932637587e+00,7.886997306132056629e+00,-7.745693525939675972e+00,8.863514783858637003e+00,-1.059488286192085660e+01
8.634538152610441442e-01,7.260231069240655977e+00,1.514972257819922952e+00,-7.738492479509475608e+00,2.219219457485182012e+00,5.193258687258779815e+00,-5.083009558085831436e+00,7.805424016330837489e+00,-7.617541308486826424e+00,8.782010504132347961e+00,-1.051492657195576896e+01
8.674698795180721955e-01,7.169526472356416491e+00,1.510381695939093660e+00,-7.626183443107301230e+00,2.217742722669398869e+00,5.102284453964127664e+00,-4.997949756127830767e+00,7.737570281523595384e+00,-7.458117794155789682e+00,8.668724681581526426e+00,-1.042248277903828146e+01
8.714859437751003579e-01,7.090849428028710655e+00,1.468772185466475699e+00,-7.511840369751863200e+00,2.210337522033855251e+00,5.073089143591520411e+00,-4.919370192469680880e+00,7.672622821165868245e+00,-7.295557119035372295e+00,8.526836319328742420e+00,-1.032059379775053465e+01
8.755020080321284093e-01,7.017389828954442521e+00,1.442044988082364476e+00,-7.407948127034543973e+00,2.197580316427043989e+00,5.034830561362760193e+00,-4.862574155197083137e+00,7.594743522097910038e+00,-7.136341624544846773e+00,8.422595403402654668e+00,-1.022492860136170201e+01
8.795180722891565717e-01,6.942718522175961304e+00,1.428525791193799410e+00,-7.296226039954355258e+00,2.176804015006138737e+00,4.981629680701919582e+00,-4.806164174016591240e+00,7.502993004607484195e+00,-6.973644933076586838e+00,8.343532881218479247e+00,-1.010886901276988681e+01
8.835341365461846230e-01,6.877971955782412827e+00,1.419132021086033424e+00,-7.196679359067218229e+00,2.163228555184483870e+00,4.934786256294347417e+00,-4.740280511208609937e+00,7.414909145392581280e+00,-6.845665308469565780e+00,8.284220465660308008e+00,-1.000409225752347808e+01
8.875502008032127854e-01,6.819950868846863301e+00,1.402994407401256804e+00,-7.111254748892243072e+00,2.156112177002193597e+00,4.900134629426320387e+00,-4.682738503636181271e+00,7.345901426183023553e+00,-6.728653073472475654e+00,8.213816550931245075e+00,-9.922372669568073178e+00
8.915662650602408368e-01,6.753342891085338806e+00,1.378837189560470522e+00,-7.015447378327589689e+00,2.131610704233720899e+00,4.863491531678783453e+00,-4.641950316177824831e+00,7.282174383753487135e+00,-6.592683541142912773e+00,8.114362757823743166e+00,-9.811708277662031463e+00
8.955823293172689992e-01,6.679401253219590551e+00,1.351567777530638503e+00,-6.899698249625171087e+00,2.115680314461998890e+00,4.826284708816558577e+00,-4.567391549325683364e+00,7.200284174267638448e+00,-6.442763838344060190e+00,8.011634876574573738e+00,-9.688939361205768819e+00
8.995983935742970505e-01,6.602369790714354814e+00,1.305669426240506192e+00,-6.766079226852611761e+00,2.093662404855863635e+00,4.811946902920014146e+00,-4.484778144854479009e+00,7.106495070096017663e+00,-6.272140391826045658e+00,7.888667399127031743e+00,-9.541319143877311504e+00
9.036144578313252129e-01,6.514666456324232691e+00,1.282850114672190012e+00,-6.641434181178282437e+00,2.067745211382924442e+00,4.758835843602502891e+00,-4.400551423355903324e+00,6.997169611071617723e+00,-6.134857201844457819e+00,7.787993914298578346e+00,-9.388893918334485278e+00
9.076305220883533753e-01,6.347186842051513622e+00,1.264950350252943112e+00,-6.528167268609590401e+00,2.040495658389161360e+00,4.605269683464605635e+00,-4.336630245273488171e+00,6.865381275812925566e+00,-5.998110480816511547e+00,7.570909566877007890e+00,-9.249761079738773262e+00
9.116465863453814267e-01,6.167966532141673675e+00,1.228055868263288053e+00,-6.412581132039581355e+00,2.011152592277868134e+00,4.464646761992760560e+00,-4.278866216549417345e+00,6.726014183430244486e+00,-5.850774223286738795e+00,7.313238651002015978e+00,-9.108102956282587925e+00
9.156626506024095891e-01,6.028128896465254627e+00,1.198321226174191345e+00,-6.288474081678297800e+00,1.986059031238800898e+00,4.363327321139713000e+00,-4.211839355445129662e+00,6.586144138326821995e+00,-5.689007309537831958e+00,7.134915229929227110e+00,-8.964575580051930004e+00
9.196787148594376404e-01,5.901491551521229617e+00,1.156388897060387944e+00,-6.139410905050489475e+00,1.962581972006196773e+00,4.290325838397168745e+00,-4.129703971396518014e+00,6.464254092815183483e+00,-5.486434306435613806e+00,6.949894723351336623e+00,-8.802094437319334830e+00
9.236947791164658028e-01,5.770959978175326910e+00,1.116978684655644871e+00,-5.973798580623269849e+00,1.929433199772951468e+00,4.210663013327554438e+00,-4.041118130894483684e+00,6.337643922378683570e+00,-5.272017581473581238e+00,6.764572998819742722e+00,-8.608260029501744626e+00
9.277108433734938542e-01,5.634932482189467073e+00,1.078969026063290926e+00,-5.806101038149442672e+00,1.892168609839598670e+00,4.124095086108138020e+00,-3.927063106983672114e+00,6.205178258998131469e+00,-5.095660788471638725e+00,6.575524101462130844e+00,-8.395579218993018955e+00
9.317269076305220166e-01,5.493586481601748339e+00,1.051118777453772912e+00,-5.616576218419912614e+00,1.835871049704605351e+00,4.017563037125103875e+00,-3.813456753006943867e+00,6.078980642627903386e+00,-4.900358490595477789e+00,6.384215765052235980e+00,-8.135913411657316630e+00
9.357429718875500679e-01,5.349138700019132386e+00,1.034777617714760511e+00,-5.449321723402896112e+00,1.765047273007938955e+00,3.893896098761628455e+00,-3.731217606920061325e+00,5.943160577748225926e+00,-4.740197612451994225e+00,6.210359423547544111e+00,-7.876549950836632341e+00
9.397590361445782303e-01,5.205499871984378579e+00,1.007156346141438119e+00,-5.268517310005647936e+00,1.680147203495167441e+00,3.786214598872779558e+00,-3.659654988193441039e+00,5.811374288425060541e+00,-4.558678527933049729e+00,6.018910728655294307e+00,-7.587218413890454372e+00
9.437751004016063927e-01,5.114536016197563484e+00,1.004733601227733475e+00,-5.057815970161986918e+00,1.606865796151973669e+00,3.702619364757159026e+00,-3.560165792751798008e+00,5.682280951853480921e+00,-4.326502724169241532e+00,5.958707731982050504e+00,-7.286779393564922103e+00
9.477911646586344441e-01,5.021314273665737460e+00,9.927358009900312252e-01,-4.833655626967948926e+00,1.518111945021195952e+00,3.632821393595782933e+00,-3.446567531271667484e+00,5.535693547860860875e+00,-4.108050007759332267e+00,5.895427879540567240e+00,-6.946349341872847027e+00
9.518072289156626065e-01,4.870589350935026651e+00,9.947596384951099546e-01,-4.612203662164052531e+00,1.414683751754227670e+00,3.477673182404186658e+00,-3.352013093107610864e+00,5.396288780507907390e+00,-3.896589106696285221e+00,5.737806089892986350e+00,-6.588008786688260621e+00
9.558232931726906578e-01,4.712427235544500270e+00,9.803497302504583510e-01,-4.399718741650863407e+00,1.292809314136394327e+00,3.334426042085155473e+00,-3.288329285807958691e+00,5.269280476940492619e+00,-3.698176820346072979e+00,5.533575187607852719e+00,-6.212650118798558552e+00
9.598393574297188202e-01,4.537752863585784446e+00,9.707421820090471609e-01,-4.141685536540357759e+00,1.138606210671123664e+00,3.170092821232862068e+00,-3.186915386398489147e+00,5.118432110112079769e+00,-3.496151814561907045e+00,5.324733659412413722e+00,-5.741989408660677086e+00
9.638554216867468716e-01,4.334989409686614614e+00,9.773731345266820636e-01,-3.854081578381113982e+00,9.711946896408596430e-01,2.956435701378914871e+00,-3.081160770422901596e+00,4.937205244290472805e+00,-3.257295443465305418e+00,5.111327283390457055e+00,-5.223788521255133155e+00
9.678714859437750340e-01,4.131984114672191843e+00,9.723100940424163063e-01,-3.553290518996496061e+00,8.296103050800748280e-01,2.760666520008377312e+00,-2.941903267615971984e+00,4.729913672925860624e+00,-2.991785142681100407e+00,4.905372151082336707e+00,-4.726183146692415349e+00
9.718875502008030853e-01,3.918172889494665245e+00,9.475788385578105544e-01,-3.220121890754696015e+00,7.147425675556700053e-01,2.579908145738228242e+00,-2.759976822081443792e+00,4.526938965828576578e+00,-2.670780995872995334e+00,4.647671556917190472e+00,-4.229607854309650250e+00
9.759036144578312477e-01,3.680028245070872117e+00,9.124723120809804522e-01,-2.769468416904403707e+00,5.438510680415107323e-01,2.390355291239458779e+00,-2.546842271588548368e+00,4.286571973476799080e+00,-2.243216452972972341e+00,4.363157470496358492e+00,-3.518346526151690412e+00
9.799196787148592991e-01,3.367931843429253558e+00,8.043719034138344659e-01,-2.318737820925406368e+00,3.812149846495082040e-01,2.231016023970505913e+00,-2.374127102303122072e+00,3.969375403079860032e+00,-1.826622770033323295e+00,3.903404103237393841e+00,-2.755463590439774624e+00
9.839357429718874615e-01,3.020831711124591035e+00,7.482607289280699403e-01,-1.746867936411216737e+00,3.256194025247480250e-01,1.966727446486645992e+00,-1.939705866427131387e+00,3.628440203453326962e+00,-1.288299634097164414e+00,3.467327483433800595e+00,-2.012598308709354189e+00
9.879518072289156239e-01,2.703833983051319834e+00,6.623362092266231738e-01,-1.190925442075172924e+00,3.044136726809663074e-01,1.777630701963496485e+00,-1.492139189099745300e+00,3.287950055195981935e+00,-7.739462067735403128e-01,3.045921191994481081e+00,-1.306690930352232938e+00
9.919678714859436752e-01,2.393070273384011681e+00,5.958095030087244837e-01,-6.500227007141639035e-01,3.157495047188212944e-01,1.564002271057855387e+00,-1.042991239450293595e+00,2.937866055021802314e+00,-2.698854426201743317e-01,2.677342494072378010e+00,-6.371914200720238952e-01
9.959839357429718376e-01,2.109401672671314731e+00,5.295272936745955006e-01,-1.674763254047812178e-01,3.590092008466881923e-01,1.380990847314491177e+00,-6.427118217093044095e-01,2.624146064510458842e+00,2.248825831671039666e-01,2.323068106188993731e+00,-8.459973767214323814e-02
1.000000000000000000e+00,1.270903010033444192e+00,3.276909354893881576e-01,1.270903010033444192e+00,3.276909354893881576e-01,8.695652173913046568e-01,8.695652173913046568e-01,1.672240802675585059e+00,1.672240802675585059e+00,1.270903010033443081e+00,1.270903010033443081e+00
